<?xml version="1.0" encoding="UTF-8"?>
<project-private xmlns="http://www.netbeans.org/ns/project-private/1">
    <editor-bookmarks xmlns="http://www.netbeans.org/ns/editor-bookmarks/2" lastBookmarkId="0"/>
    <open-files xmlns="http://www.netbeans.org/ns/projectui-open-files/2">
        <group>
            <file>file:/C:/Users/RPR-C80A307ES/Desktop/UniHotel%2025-04-25/UniHotel/src/frontend/Reservacion.java</file>
            <file>file:/C:/Users/RPR-C80A307ES/Desktop/UniHotel%2025-04-25/UniHotel/src/frontend/Temporada.java</file>
            <file>file:/C:/Users/RPR-C80A307ES/Desktop/UniHotel%2025-04-25/UniHotel/src/frontend/Tiposdeh.java</file>
            <file>file:/C:/Users/RPR-C80A307ES/Desktop/UniHotel%2025-04-25/UniHotel/src/presentacion/Temporada.java</file>
            <file>file:/C:/Users/RPR-C80A307ES/Desktop/UniHotel%2025-04-25/UniHotel/src/frontend/Pago.java</file>
            <file>file:/C:/Users/RPR-C80A307ES/Desktop/UniHotel%2025-04-25/UniHotel/src/frontend/login.java</file>
            <file>file:/C:/Users/RPR-C80A307ES/Desktop/UniHotel%2025-04-25/UniHotel/src/presentacion/principal.java</file>
            <file>file:/C:/Users/RPR-C80A307ES/Desktop/UniHotel%2025-04-25/UniHotel/src/frontend/clientes.java</file>
        </group>
    </open-files>
</project-private>
